Condition,Mean Count,Standard Error,p-value
CKO,170.5,31.112430527577455,0.9318825061755491
NC,174.375,30.485322873709006,0.9318825061755491
