Condition,Mean Count,Standard Error,p-value
CKO,43.666666666666664,8.870988921447509,0.07554706480574501
NC,97.875,28.519064738722207,0.07554706480574501
